Question,Answer
What courses are offered at the college?,"The college offers undergraduate, postgraduate, and Phd."
What are the eligibility criteria for admission?,"Eligibility criteria vary by course. For most undergraduate courses, a high school diploma is required."
What is the admission process?,"The admission process includes submitting an application, attending counseling, and paying fees."
Are there any entrance exams for admission?,"Yes, some courses require entrance exams, while others are based on merit."
When do admissions open?,Admissions typically open in May and close by July.
Can I apply online for admission?,"Yes, you can apply online through the college website."
What is the last date to apply?,The last date to apply varies by course. Please check the admissions section on the website.
What is the fee structure for various courses?,The fee structure varies by course. Details are available on the college website or at the office.
Are scholarships available for students?,"Yes, the college offers merit-based and need-based scholarships."
What documents are required for admission?,"Required documents include mark sheets, ID proof, and photographs."
Is there an age limit for admission?,There is no specific age limit for most courses.
Can international students apply for admission?,"Yes, the college accepts applications from international students."
Are there any part-time courses available?,"Yes, the college offers part-time and evening courses in select disciplines."
How can I get the prospectus?,The prospectus is available online or at the admissions office.
Does the college offer distance education?,"Yes, the college offers distance education for some courses."
Is hostel accommodation available for students?,"Yes, hostel facilities are available for both boys and girls."
What is the duration of the courses offered?,"Course durations vary: undergraduate (3-4 years), postgraduate (2 years), diploma (1-2 years)."
Are internships part of the curriculum?,"Yes, internships are included in many courses to provide practical experience."
Does the college offer placement services?,"Yes, the college has a dedicated placement cell for student recruitment."
Are there any orientation sessions for new students?,"Yes, orientation sessions are held for all new students at the start of the academic year."
What is the eligibility for B.E. admissions?,"Candidates must have passed 10+2 with Physics, Chemistry, and Mathematics."
How can I apply for M.E. programs?,"Applications are through TANCET counseling based on TANCET/GATE scores."
What is the admission process?,"Undergraduate admissions are conducted through TNEA, while postgraduate admissions are based on TANCET/GATE scores."
Are scholarships available for students?,"Yes, the college offers scholarships for merit-based and need-based categories."
Where is the college library located?,"The library is located on the third floor."
Does the college provide hostel facilities?,"Yes, separate hygienic hostels for boys and girls are available."
Is the campus Wi-Fi enabled?,"Yes, the campus is fully Wi-Fi enabled for students and staff."
Where is the college library located?,"The library is located on the third floor."
Does the college provide hostel facilities?,"Yes, separate hygienic hostels for boys and girls are available."
Is the campus Wi-Fi enabled?,"Yes, the campus is fully Wi-Fi enabled for students and staff."
Which companies visit the campus for placements?,"Top recruiters include TCS, Infosys, Wipro, Byju's, and CTS."
What is the average placement package?,"The average salary package ranges from ₹3 to ₹4 LPA."
Does the college have a placement cell?,"Yes, the college has an active Training and Placement Cell to facilitate student recruitment."
What clubs and cells are available?,"The college has various clubs like NSS, YRC, Tamil Mandram, Science Club, Energy Club, and more."
Are there any professional bodies associated with the college?,"Yes, professional bodies like ISTE, IETE, CSI, IEEE, and ICTACT are active."
What is the college address?,"Tholurpatti, Thottiam (TK), Tiruchirappalli (DT) - 621215, Tamil Nadu, India."
How can I contact the college?,"You can call at +91-4326-123456 or email info@kongunadu.ac.in."
What is the official website?,"The official website is https://www.kongunadu.ac.in/."
What is the name of the college?,"The name of the college is Kongunadu College of Engineering and Technology."
Where is the college located?,"The college is located in Tholurpatti, Tiruchirappalli, Tamil Nadu."
When was the college established?,"The college was established in 2007."
To which university is the college affiliated?,"The college is affiliated with Anna University."
What is the accreditation of the college?,"The college is accredited with NAAC B++."
What undergraduate engineering programs are offered?,"The college offers Civil Engineering, Agricultural Engineering, AI & Data Science, Computer Science and Engineering, Electrical and Electronics Engineering, Electronics and Communication Engineering, Mechanical Engineering, Information Technology, and Biomedical Engineering."
Is Artificial Intelligence and Data Science offered as a course?,"Yes, Artificial Intelligence & Data Science is one of the undergraduate programs offered."
Are there courses related to Electrical and Electronics?,"Yes, the college offers Electrical and Electronics Engineering and Electronics and Communication Engineering."
Does the college offer Mechanical Engineering?,"Yes, Mechanical Engineering is one of the undergraduate programs available."
Are Information Technology and Computer Science separate departments?,"Yes, the college has separate departments for Information Technology and Computer Science and Engineering."
Does the college offer Biomedical Engineering?,"Yes, Biomedical Engineering is offered as an undergraduate program."
What postgraduate programs are offered?,"The college offers M.E. in Computer Science and Engineering, M.E. in VLSI Design, and M.E. in Engineering Design."
Does the college offer an M.E. in Computer Science and Engineering?,"Yes, the college offers M.E. in Computer Science and Engineering."
Is VLSI Design available as a postgraduate program?,"Yes, M.E. in VLSI Design is offered as a postgraduate program."
Does the college provide an M.E. in Engineering Design?,"Yes, M.E. in Engineering Design is one of the postgraduate programs offered."
What is the admission process for postgraduate programs?,"The admission process for postgraduate programs is through TANCET counseling."
What are the eligibility criteria for postgraduate admissions?,"Candidates must have a bachelor's degree in a relevant field to be eligible for postgraduate admissions."
Are TANCET or GATE scores required for postgraduate admissions?,"Yes, postgraduate admissions are based on TANCET or GATE scores."
What is the admission process for undergraduate programs?,"The admission process for undergraduate programs is through Tamil Nadu Engineering Admissions (TNEA)."
What are the eligibility criteria for undergraduate admissions?,"Candidates must pass 10+2 with Physics, Chemistry, and Mathematics to be eligible for undergraduate admissions."
On what basis are undergraduate admissions conducted?,"Undergraduate admissions are based on 12th standard marks."
What facilities are available on campus?,"The campus offers modern classrooms and laboratories, a library, hygienic hostels, sports and recreational areas, a cafeteria, transportation services, Wi-Fi, medical facilities, an auditorium, and seminar halls."
Does the college have modern classrooms and laboratories?,"Yes, the college has modern classrooms and well-equipped laboratories."
Is there a library on campus?,"Yes, the college has a library with extensive resources."
Are hostel facilities available for students?,"Yes, the college provides hygienic hostel facilities."
Does the college have sports and recreational areas?,"Yes, the campus includes sports and recreational areas."
Is there a cafeteria available for students and staff?,"Yes, the college has a cafeteria."
Are transportation services offered by the college?,"Yes, the college provides transportation services."
Is the campus Wi-Fi enabled?,"Yes, the campus is Wi-Fi enabled."
Are medical facilities available at the college?,"Yes, the college has medical facilities on campus."
Does the college have an auditorium?,"Yes, the college has an auditorium."
Are there seminar halls on campus?,"Yes, the college has seminar halls for academic and extracurricular events."
What facilities are available on the ground floor?,"The ground floor includes administrative offices and key common areas, such as the receptionist and admissions office."
What is located on the first floor?,"The first floor houses primary administrative offices, including the Chairman Room, Principal Office, Dean's Cabin, and the Mechanical Engineering Department."
What academic departments are located on the second floor?,"The second floor has academic departments related to computer science and IT, including the Campus to Corporate Training Center, Computer Science and Engineering Department, and Information Technology Department."
Where is the library located?,"The library is located on the third floor."
What facilities are available on the third floor?,"The third floor includes the library and departments related to electronics, such as Electronics and Communication Engineering, Electrical and Electronics Engineering, and Biomedical Engineering."
What departments are located on the fourth floor?,"The fourth floor houses the Civil Engineering Department, Agricultural Engineering Department, and the Entrepreneurship Development Center."
Where can I find the Mechanical Engineering Department?,"The Mechanical Engineering Department is located on the first floor."
Where are the Computer Science and IT departments located?,"The Computer Science and Information Technology departments are located on the second floor."
Where is the Entrepreneurship Development Center located?,"The Entrepreneurship Development Center is on the fourth floor."
What are the key common areas on the ground floor?,"The ground floor includes the receptionist area and the admissions office."
What administrative offices are on the first floor?,"The first floor includes the Chairman Room, Principal Office, and Dean's Cabin."
Where can I find the Campus to Corporate Training Center?,"The Campus to Corporate Training Center is located on the second floor."
Which floor houses the Electronics and Communication Engineering Department?,"The Electronics and Communication Engineering Department is located on the third floor."
What departments are present on the third floor?,"The third floor houses the Library, Electronics and Communication Engineering Department, Electrical and Electronics Engineering Department, and Biomedical Engineering Department."
Where can I find the Civil Engineering Department?,"The Civil Engineering Department is located on the fourth floor."
Which floor includes departments related to agricultural engineering?,"Departments related to agricultural engineering are located on the fourth floor."
Are the academic departments grouped by specialization?,"Yes, academic departments are grouped by specialization across different floors."
What facilities are available for students on the ground floor?,"The ground floor has facilities like the receptionist and admissions office for student support."
Where is the Dean's Cabin located?,"The Dean's Cabin is located on the first floor."
Which floor focuses on IT and computer-related studies?,"The second floor focuses on IT and computer-related studies."
Are entrepreneurial resources available in the college?,"Yes, the Entrepreneurship Development Center is located on the fourth floor."
Which floor has a mix of administrative and academic facilities?,"The first floor has a mix of administrative offices and the Mechanical Engineering Department."
Are the library and electronics-related departments on the same floor?,"Yes, the library and electronics-related departments are on the third floor."
What resources are available for agricultural engineering students?,"The Agricultural Engineering Department and Entrepreneurship Development Center are on the fourth floor for relevant resources."
What is the PCB Design and Development Centre?,"The PCB Design and Development Centre focuses on printed circuit board design and development training."
What does the Dell EMC Data Science and Big Data Analytics center specialize in?,"It specializes in data science and big data analytics education and research."
Is there a center for networking studies?,"Yes, the college has a Cisco Networking Academy for networking education and certifications."
What is TVS Harita known for?,"TVS Harita focuses on industry collaboration and skill development for students."
Does the college have a center for energy studies?,"Yes, the Center for Energy Studies is dedicated to energy-related research and innovations."
Are IoT and embedded systems taught at the college?,"Yes, the IoT & Embedded Systems center is powered by Texas Instruments and ABE Semiconductor Designs."
What is the focus of the Centre for Signal Processing & Networking?,"It focuses on signal processing and networking education and research."
Does the college have resources for industrial automation?,"Yes, the Industrial Automation Laboratory is powered by Siemens and Mitsubishi for hands-on training in industrial automation."
Are there collaborations with companies in these centers?,"Yes, centers like Cisco Networking Academy and Industrial Automation Laboratory collaborate with industry leaders."
How do students benefit from the Center for Energy Studies?,"Students gain knowledge and practical experience in renewable energy and energy efficiency projects."
What technologies are emphasized in the IoT & Embedded Systems center?,"The center emphasizes Internet of Things (IoT) development and embedded systems design."
Does the college provide hands-on training in automation?,"Yes, the Industrial Automation Laboratory offers hands-on training with Siemens and Mitsubishi systems."
Can students learn signal processing technologies?,"Yes, the Centre for Signal Processing & Networking provides opportunities to study and work on signal processing technologies."
Are data analytics courses available through any center?,"Yes, the Dell EMC Data Science and Big Data Analytics center offers specialized courses and research opportunities in data analytics."
Can students learn signal processing technologies?,"Yes, the Centre for Signal Processing & Networking provides opportunities to study and work on signal processing technologies."
Are data analytics courses available through any center?,"Yes, the Dell EMC Data Science and Big Data Analytics center offers specialized courses and research opportunities in data analytics."
Does the college offer training in PCB design?,"Yes, the PCB Design and Development Centre offers training in PCB design and development."
Are there opportunities for students to learn about IoT and embedded systems?,"Yes, the IoT & Embedded Systems center, in collaboration with Texas Instruments and ABE Semiconductor Designs, provides opportunities to learn and work on IoT and embedded systems."
Is there any training available in industrial automation?,"Yes, the Industrial Automation Laboratory, powered by Siemens and Mitsubishi, offers training in industrial automation technologies."
Can students pursue networking certifications through the college?,"Yes, the Cisco Networking Academy offers training and certifications in networking technologies."
Are there any opportunities for students to learn about energy studies?,"Yes, the Center for Energy Studies provides resources and opportunities to study energy-related technologies and research."
Does the college offer any collaboration with TVS Harita?,"Yes, the college collaborates with TVS Harita for research and development in the field of engineering."
Has the college received any awards for campus cleanliness?,"Yes, the college won the National Level Clean and Smart Campus Award in 2019 by AICTE."
How is the college ranked among Anna University-affiliated engineering colleges?,"The college is ranked 14th out of 506 engineering colleges affiliated with Anna University."
Has the college received recognition for sustainable practices?,"Yes, the college won the Bhumi Campus Award for 'Products from Banana Tree Waste' in 2022."
Has the college received any intellectual property-related awards?,"Yes, the college received the IPR Award from Anna University."
Has the college been successful in sports competitions?,"Yes, the college won the Overall Championship in Zone 8 by Anna University Sports Board."
Have students from the college received any ISTE awards?,"Yes, students from the college received ISTE Best Student Awards in the ECE and Mechanical Departments."
Has the college achieved a high ranking in ATAL?,"Yes, the college received the ATAL Ranking ARIIA-2021 Certificate."
What rating did the college receive in the IIC 4.0?,"The college received a 4-star Rating in IIC 4.0."
Has the college been involved in rural development initiatives?,"Yes, the college has been sanctioned the Unnat Bharat Abhiyan(UBA) Scheme for adopting 5 villages."
Does the college have any clubs for social service?,"Yes, the college has NSS, YRC, and RRC for social service activities."
Are there any cultural clubs in the college?,"Yes, the college has Tamil Mandram, Music Club, and Multimedia Club for cultural activities."
Is there a club dedicated to scientific activities?,"Yes, the college has a Science Club for scientific activities and discussions."
Does the college have a club for environmental awareness?,"Yes, the college has an Energy Club to promote environmental sustainability."
Is there a club for students interested in entrepreneurship?,"Yes, the college has an Entrepreneurship Development Cell to support budding entrepreneurs."
Is there a club for women empowerment?,"Yes, the college has a Women Development Cell to focus on women empowerment and gender equality."
Does the college have any cell for industry partnerships?,"Yes, the college has the Industry Institute Partnership Cell (IIPC) to facilitate industry collaborations."
Is there a platform for students to express their thoughts?,"Yes, the college has an Editorial Board Cell to give students a platform for writing and expressing ideas."
Is there a system for addressing student grievances?,"Yes, the college has a Grievances and Redressal Cell to resolve student issues and concerns."
Does the college have any affiliation with professional organizations?,"Yes, the college is affiliated with ISTE, IETE, ICTACT, CSI, SAE, and IEEE."
Is there a professional body for students in the field of electronics and communication?,"Yes, the college is affiliated with IETE, which focuses on electronics and communication."
Does the college offer membership in technical societies?,"Yes, the college offers membership in CSI, SAE, and IEEE for students interested in technology and engineering."
Are there any professional bodies for students in the computer science field?,"Yes, the college is affiliated with ISTE and CSI, which cater to computer science students."
Does the college encourage participation in engineering-related professional organizations?,"Yes, the college encourages students to join SAE and IEEE for professional development in engineering fields."
What is the fee structure for Civil Engineering (CIVIL)?,"The fee for Civil Engineering (CIVIL) is approximately ₹75,000 per year."
How much is the fee for Agricultural Engineering (AGRI)?,"The fee for Agricultural Engineering (AGRI) is around ₹70,000 per year."
What is the fee for the Artificial Intelligence & Data Science (AI&DS) course?,"The fee for Artificial Intelligence & Data Science (AI&DS) is approximately ₹1,00,000 per year."
How much does the Computer Science and Engineering (CSE) course cost?,"The fee for Computer Science and Engineering (CSE) is around ₹1,10,000 per year."
What is the fee structure for Electrical and Electronics Engineering (EEE)?,"The fee for Electrical and Electronics Engineering (EEE) is approximately ₹85,000 per year."
How much do I need to pay for the Electronics and Communication Engineering (ECE) course?,"The fee for Electronics and Communication Engineering (ECE) is around ₹90,000 per year."
What is the fee for Mechanical (MECH) Engineering?,"The fee for Mechanical Engineering (MECH) is approximately ₹80,000 per year."
How much does the Information Technology (IT) course cost?,"The fee for Information Technology (IT) is around ₹1,00,000 per year."
What is the fee structure for Biomedical Engineering (BME)?,"The fee for Biomedical Engineering (BME) is approximately ₹95,000 per year."
What is the annual hostel fee for boys?,"The annual hostel fee for boys is approximately ₹50,000, including accommodation and food."
How much do girls need to pay for hostel facilities?,"The annual hostel fee for girls is around ₹45,000, including accommodation and food."
Are there any additional charges for AC rooms?,"Yes, there is an additional charge of ₹10,000 per year for AC rooms."
What is the fee for a single-occupancy room?,"The fee for a single-occupancy room is approximately ₹60,000 per year."
How much does a double-occupancy room cost?,"The fee for a double-occupancy room is around ₹50,000 per year."
Is there a security deposit for the hostel?,"Yes, there is a refundable security deposit of ₹5,000."
Are laundry services included in the hostel fee?,"No, laundry services are charged separately at approximately ₹500 per month."
What is the fee for students who want only accommodation (without food)?,"The fee for accommodation only is around ₹35,000 per year."
How much do students need to pay for mess charges?,"Mess charges are approximately ₹3,000 per month."
Are hostel fees different for first-year students?,"No, the hostel fees are the same for all students, irrespective of the year."
What is the fee for M.E. in Computer Science and Engineering(ME.CSE)?,"The fee for M.E. in Computer Science and Engineering is approximately ₹1,20,000 per year."
How much does the M.E. in VLSI(ME VLSI) Design course cost?,"The fee for M.E. in VLSI Design(ME.VLSI) is around ₹1,15,000 per year."
What is the fee structure for M.E. in Engineering Design?,"The fee for M.E. in Engineering Design is approximately ₹1,10,000 per year."
What is the fee for M.E. in Computer Science and Engineering?,"The fee for M.E. in Computer Science and Engineering is approximately ₹1,20,000 per year."
How much does the M.E. in VLSI Design course cost?,"The fee for M.E. in VLSI Design is around ₹1,15,000 per year."
What is the fee structure for M.E. in Engineering Design?,"The fee for M.E. in Engineering Design is approximately ₹1,10,000 per year."
How much does the M.Tech in Artificial Intelligence and Machine Learning cost?,"The fee for M.Tech in Artificial Intelligence and Machine Learning is approximately ₹1,25,000 per year."
What is the fee for M.Tech in Data Science?,"The fee for M.Tech in Data Science is around ₹1,30,000 per year."
How much is the fee for M.E. in Structural Engineering?,"The fee for M.E. in Structural Engineering is approximately ₹1,10,000 per year."
What is the fee structure for M.Tech in Embedded Systems?,"The fee for M.Tech in Embedded Systems is around ₹1,15,000 per year."
How much do I need to pay for the M.Tech in Cybersecurity course?,"The fee for M.Tech in Cybersecurity is approximately ₹1,35,000 per year."
mobile number of the college ?, "+91-04457-4586"